[{
  "name": "Flat UI Palette v1",
  "emoji": "\ud83c\udfa8",
  "colors": ["rgb(26, 188, 156)", "rgb(46, 204, 113)", "rgb(52, 152, 219)", "rgb(155, 89, 182)", "rgb(52, 73, 94)", "rgb(22, 160, 133)", "rgb(39, 174, 96)", "rgb(41, 128, 185)", "rgb(142, 68, 173)", "rgb(44, 62, 80)", "rgb(241, 196, 15)", "rgb(230, 126, 34)", "rgb(231, 76, 60)", "rgb(236, 240, 241)", "rgb(149, 165, 166)", "rgb(243, 156, 18)", "rgb(211, 84, 0)", "rgb(192, 57, 43)", "rgb(189, 195, 199)", "rgb(127, 140, 141)"]
}, {
  "name": "American Palette",
  "emoji": "\ud83c\uddfa\ud83c\uddf8",
  "colors": ["rgb(85, 239, 196)", "rgb(129, 236, 236)", "rgb(116, 185, 255)", "rgb(162, 155, 254)", "rgb(223, 230, 233)", "rgb(0, 184, 148)", "rgb(0, 206, 201)", "rgb(9, 132, 227)", "rgb(108, 92, 231)", "rgb(178, 190, 195)", "rgb(255, 234, 167)", "rgb(250, 177, 160)", "rgb(255, 118, 117)", "rgb(253, 121, 168)", "rgb(99, 110, 114)", "rgb(253, 203, 110)", "rgb(225, 112, 85)", "rgb(214, 48, 49)", "rgb(232, 67, 147)", "rgb(45, 52, 54)"]
}, {
  "name": "Aussie Palette",
  "emoji": "\ud83c\udde6\ud83c\uddfa",
  "colors": ["rgb(246, 229, 141)", "rgb(255, 190, 118)", "rgb(255, 121, 121)", "rgb(186, 220, 88)", "rgb(223, 249, 251)", "rgb(249, 202, 36)", "rgb(240, 147, 43)", "rgb(235, 77, 75)", "rgb(106, 176, 76)", "rgb(199, 236, 238)", "rgb(126, 214, 223)", "rgb(224, 86, 253)", "rgb(104, 109, 224)", "rgb(48, 51, 107)", "rgb(149, 175, 192)", "rgb(34, 166, 179)", "rgb(190, 46, 221)", "rgb(72, 52, 212)", "rgb(19, 15, 64)", "rgb(83, 92, 104)"]
}, {
  "name": "British Palette",
  "emoji": "\ud83c\uddec\ud83c\udde7",
  "colors": ["rgb(0, 168, 255)", "rgb(156, 136, 255)", "rgb(251, 197, 49)", "rgb(76, 209, 55)", "rgb(72, 126, 176)", "rgb(0, 151, 230)", "rgb(140, 122, 230)", "rgb(225, 177, 44)", "rgb(68, 189, 50)", "rgb(64, 115, 158)", "rgb(232, 65, 24)", "rgb(245, 246, 250)", "rgb(127, 143, 166)", "rgb(39, 60, 117)", "rgb(53, 59, 72)", "rgb(194, 54, 22)", "rgb(220, 221, 225)", "rgb(113, 128, 147)", "rgb(25, 42, 86)", "rgb(47, 54, 64)"]
}, {
  "name": "Canadian Palette",
  "emoji": "\ud83c\udde8\ud83c\udde6",
  "colors": ["rgb(255, 159, 243)", "rgb(254, 202, 87)", "rgb(255, 107, 107)", "rgb(72, 219, 251)", "rgb(29, 209, 161)", "rgb(243, 104, 224)", "rgb(255, 159, 67)", "rgb(238, 82, 83)", "rgb(10, 189, 227)", "rgb(16, 172, 132)", "rgb(0, 210, 211)", "rgb(84, 160, 255)", "rgb(95, 39, 205)", "rgb(200, 214, 229)", "rgb(87, 101, 116)", "rgb(1, 163, 164)", "rgb(46, 134, 222)", "rgb(52, 31, 151)", "rgb(131, 149, 167)", "rgb(34, 47, 62)"]
}, {
  "name": "Chinese Palette",
  "emoji": "\ud83c\udde8\ud83c\uddf3",
  "colors": ["rgb(236, 204, 104)", "rgb(255, 127, 80)", "rgb(255, 107, 129)", "rgb(164, 176, 190)", "rgb(87, 96, 111)", "rgb(255, 165, 2)", "rgb(255, 99, 72)", "rgb(255, 71, 87)", "rgb(116, 125, 140)", "rgb(47, 53, 66)", "rgb(123, 237, 159)", "rgb(112, 161, 255)", "rgb(83, 82, 237)", "rgb(255, 255, 255)", "rgb(223, 228, 234)", "rgb(46, 213, 115)", "rgb(30, 144, 255)", "rgb(55, 66, 250)", "rgb(241, 242, 246)", "rgb(206, 214, 224)"]
}, {
  "name": "Dutch Palette",
  "emoji": "\ud83c\uddf3\ud83c\uddf1",
  "colors": ["rgb(255, 195, 18)", "rgb(196, 229, 56)", "rgb(18, 203, 196)", "rgb(253, 167, 223)", "rgb(237, 76, 103)", "rgb(247, 159, 31)", "rgb(163, 203, 56)", "rgb(18, 137, 167)", "rgb(217, 128, 250)", "rgb(181, 52, 113)", "rgb(238, 90, 36)", "rgb(0, 148, 50)", "rgb(6, 82, 221)", "rgb(153, 128, 250)", "rgb(131, 52, 113)", "rgb(234, 32, 39)", "rgb(0, 98, 102)", "rgb(27, 20, 100)", "rgb(87, 88, 187)", "rgb(111, 30, 81)"]
}, {
  "name": "French Palette",
  "emoji": "\ud83c\uddeb\ud83c\uddf7",
  "colors": ["rgb(250, 211, 144)", "rgb(248, 194, 145)", "rgb(106, 137, 204)", "rgb(130, 204, 221)", "rgb(184, 233, 148)", "rgb(246, 185, 59)", "rgb(229, 80, 57)", "rgb(74, 105, 189)", "rgb(96, 163, 188)", "rgb(120, 224, 143)", "rgb(250, 152, 58)", "rgb(235, 47, 6)", "rgb(30, 55, 153)", "rgb(60, 99, 130)", "rgb(56, 173, 169)", "rgb(229, 142, 38)", "rgb(183, 21, 64)", "rgb(12, 36, 97)", "rgb(10, 61, 98)", "rgb(7, 153, 146)"]
}, {
  "name": "German Palette",
  "emoji": "\ud83c\udde9\ud83c\uddea",
  "colors": ["rgb(252, 92, 101)", "rgb(253, 150, 68)", "rgb(254, 211, 48)", "rgb(38, 222, 129)", "rgb(43, 203, 186)", "rgb(235, 59, 90)", "rgb(250, 130, 49)", "rgb(247, 183, 49)", "rgb(32, 191, 107)", "rgb(15, 185, 177)", "rgb(69, 170, 242)", "rgb(75, 123, 236)", "rgb(165, 94, 234)", "rgb(209, 216, 224)", "rgb(119, 140, 163)", "rgb(45, 152, 218)", "rgb(56, 103, 214)", "rgb(136, 84, 208)", "rgb(165, 177, 194)", "rgb(75, 101, 132)"]
}, {
  "name": "Indian Palette",
  "emoji": "\ud83c\uddee\ud83c\uddf3",
  "colors": ["rgb(254, 164, 127)", "rgb(37, 204, 247)", "rgb(234, 181, 67)", "rgb(85, 230, 193)", "rgb(202, 211, 200)", "rgb(249, 127, 81)", "rgb(27, 156, 252)", "rgb(248, 239, 186)", "rgb(88, 177, 159)", "rgb(44, 58, 71)", "rgb(179, 55, 113)", "rgb(59, 59, 152)", "rgb(253, 114, 114)", "rgb(154, 236, 219)", "rgb(214, 162, 232)", "rgb(109, 33, 79)", "rgb(24, 44, 97)", "rgb(252, 66, 123)", "rgb(189, 197, 129)", "rgb(130, 88, 159)"]
}, {
  "name": "Russian Palette",
  "emoji": "\ud83c\uddf7\ud83c\uddfa",
  "colors": ["rgb(243, 166, 131)", "rgb(247, 215, 148)", "rgb(119, 139, 235)", "rgb(231, 127, 103)", "rgb(207, 106, 135)", "rgb(241, 144, 102)", "rgb(245, 205, 121)", "rgb(84, 109, 229)", "rgb(225, 95, 65)", "rgb(196, 69, 105)", "rgb(120, 111, 166)", "rgb(248, 165, 194)", "rgb(99, 205, 218)", "rgb(234, 134, 133)", "rgb(89, 98, 117)", "rgb(87, 75, 144)", "rgb(247, 143, 179)", "rgb(61, 193, 211)", "rgb(230, 103, 103)", "rgb(48, 57, 82)"]
}, {
  "name": "Spanish Palette",
  "emoji": "\ud83c\uddea\ud83c\uddf8",
  "colors": ["rgb(64, 64, 122)", "rgb(112, 111, 211)", "rgb(247, 241, 227)", "rgb(52, 172, 224)", "rgb(51, 217, 178)", "rgb(44, 44, 84)", "rgb(71, 71, 135)", "rgb(170, 166, 157)", "rgb(34, 112, 147)", "rgb(33, 140, 116)", "rgb(255, 82, 82)", "rgb(255, 121, 63)", "rgb(209, 204, 192)", "rgb(255, 177, 66)", "rgb(255, 218, 121)", "rgb(179, 57, 57)", "rgb(205, 97, 51)", "rgb(132, 129, 122)", "rgb(204, 142, 53)", "rgb(204, 174, 98)"]
}, {
  "name": "Swedish Palette",
  "emoji": "\ud83c\uddf8\ud83c\uddea",
  "colors": ["rgb(239, 87, 119)", "rgb(87, 95, 207)", "rgb(75, 207, 250)", "rgb(52, 231, 228)", "rgb(11, 232, 129)", "rgb(245, 59, 87)", "rgb(60, 64, 198)", "rgb(15, 188, 249)", "rgb(0, 216, 214)", "rgb(5, 196, 107)", "rgb(255, 192, 72)", "rgb(255, 221, 89)", "rgb(255, 94, 87)", "rgb(210, 218, 226)", "rgb(72, 84, 96)", "rgb(255, 168, 1)", "rgb(255, 211, 42)", "rgb(255, 63, 52)", "rgb(128, 142, 155)", "rgb(30, 39, 46)"]
}, {
  "name": "Turkish Palette",
  "emoji": "\ud83c\uddf9\ud83c\uddf7",
  "colors": ["rgb(205, 132, 241)", "rgb(255, 204, 204)", "rgb(255, 77, 77)", "rgb(255, 175, 64)", "rgb(255, 250, 101)", "rgb(197, 108, 240)", "rgb(255, 184, 184)", "rgb(255, 56, 56)", "rgb(255, 159, 26)", "rgb(255, 242, 0)", "rgb(50, 255, 126)", "rgb(126, 255, 245)", "rgb(24, 220, 255)", "rgb(125, 95, 255)", "rgb(75, 75, 75)", "rgb(58, 227, 116)", "rgb(103, 230, 220)", "rgb(23, 192, 235)", "rgb(113, 88, 226)", "rgb(61, 61, 61)"]
}]